{
 "name": [
         "Clear Python",
         "numpy",
         "Clear Python + Cython",
         "numpy + Cython"
 ],
 "loops": [
         1000,
         1000,
         1000,
         1000
 ],
 "time (sec)": [
         51.97058844566345,
         16.054409503936768,
         22.52452850341797,
         15.401480674743652
 ]
}