{
 "name": [
         "Clear Python",
         "numpy",
         "Clear Python + Cython",
         "numpy + Cython"
 ],
 "loops": [
         1000000,
         1000000,
         1000000,
         1000000
 ],
 "time (sec)": [
         25.07519841194153,
         62.90274977684021,
         18.776877403259277,
         64.43942546844482
 ]
}