{
 "name": [
         "Clear Python",
         "numpy",
         "Clear Python + Cython",
         "numpy + Cython"
 ],
 "loops": [
         1000000,
         1000000,
         1000000,
         1000000
 ],
 "time (sec)": [
         142.95242381095886,
         154.923086643219,
         128.13575959205627,
         158.60338521003723
 ]
}